{"train_loss": 2.3025910067741218, "test_loss": 2.302584743803474, "train_accuracy": 0.09990409207161126, "test_accuracy": 0.1, "_timestamp": 1700164633.616889, "_runtime": 199.85201811790466, "_step": 29, "_wandb": {"runtime": 199}}