{"train_loss": 0.04993595297355205, "test_loss": 0.04865747119486332, "_timestamp": 1698725982.8756495, "_runtime": 200.85169339179993, "_step": 9, "_wandb": {"runtime": 200}}