{"train_loss": 0.05504455721812944, "test_loss": 0.05400252279639244, "_timestamp": 1698725768.2310495, "_runtime": 155.78710961341858, "_step": 9, "_wandb": {"runtime": 155}}